{
 "version": "auto-py-to-exe-configuration_v1",
 "pyinstallerOptions": [
  {
   "optionDest": "noconfirm",
   "value": true
  },
  {
   "optionDest": "filenames",
   "value": "C:/Users/nate4/PycharmProjects/xckd-bg/Scripts/main.py"
  },
  {
   "optionDest": "onefile",
   "value": false
  },
  {
   "optionDest": "console",
   "value": false
  },
  {
   "optionDest": "icon_file",
   "value": "C:/Users/nate4/PycharmProjects/xckd-bg/Images/xkcd.ico"
  },
  {
   "optionDest": "clean_build",
   "value": false
  },
  {
   "optionDest": "strip",
   "value": false
  },
  {
   "optionDest": "noupx",
   "value": false
  },
  {
   "optionDest": "disable_windowed_traceback",
   "value": false
  },
  {
   "optionDest": "uac_admin",
   "value": false
  },
  {
   "optionDest": "uac_uiaccess",
   "value": false
  },
  {
   "optionDest": "argv_emulation",
   "value": false
  },
  {
   "optionDest": "bootloader_ignore_signals",
   "value": false
  },
  {
   "optionDest": "datas",
   "value": "C:/Users/nate4/PycharmProjects/xckd-bg/Data;Data/"
  },
  {
   "optionDest": "datas",
   "value": "C:/Users/nate4/PycharmProjects/xckd-bg/Fonts;Fonts/"
  },
  {
   "optionDest": "datas",
   "value": "C:/Users/nate4/PycharmProjects/xckd-bg/Images;Images/"
  },
  {
   "optionDest": "datas",
   "value": "C:/Users/nate4/PycharmProjects/xckd-bg/Scripts;Scripts/"
  }
 ],
 "nonPyinstallerOptions": {
  "increaseRecursionLimit": true,
  "manualArguments": ""
 }
}